<?xml version="1.0" encoding="ISO-8859-1" ?>



<!DOCTYPE struts-config PUBLIC
          "-//Apache Software Foundation//DTD Struts Configuration 1.2//EN"
          "http://jakarta.apache.org/struts/dtds/struts-config_1_2.dtd">



<struts-config>
	<form-beans>
		<form-bean name="RF" type="com.pradeep.form.User"/>
		<form-bean name="LG" type="com.pradeep.form.Login"/>
		<form-bean name="DF" type="com.pradeep.form.UserUpdateOrDelete"/>
		<form-bean name="GF" type="com.pradeep.form.DispatchForm"/>
		<form-bean name="EF" type="com.pradeep.form.MyEmployee"/>
		<form-bean name="FUPLOAD" type="com.pradeep.form.UserForm"/>
		
	</form-beans>



	<global-exceptions>
	<exception key="" type="com.pradeep.exception.EmailNotValidException" handler="com.pradeep.handler.EmailNotValidExceptionHandler"
	path="/emailInvalid.jsp"></exception>
	</global-exceptions>



	<global-forwards>

	</global-forwards>



	<action-mappings>
		<action path="/reg" name="RF"
			type="com.pradeep.action.UserAction">
			<forward name="success" path="/success.jsp" />
			<forward name="failure" path="/failure.jsp" />
		</action>
		<action path="/lg" name="LG"
			type="com.pradeep.action.LoginAction">
			<forward name="success" path="/success.jsp" />
			<forward name="failure" path="/failure.jsp" />
		</action>
		<action path="/del" name="DF"
			type="com.pradeep.action.DeleteAction">
			<forward name="success" path="/reg.do" />
			<forward name="failure" path="/failure.jsp" />
		</action>
		<action path="/update" name="DF"
			type="com.pradeep.action.UpdateAction">
			<forward name="update" path="/employeeupdate.jsp" />
			<forward name="failure" path="/failure.jsp" />
			
		</action>
		<action path="/upd" name="DF"
			type="com.pradeep.action.EmployeeUpdateAction">
			<forward name="success" path="/reg.do" />
			<forward name="failure" path="/failure.jsp" />
			
		</action>
	<action path="/act" name="GF"
			type="com.pradeep.action.MyDispatchAction" parameter="mcall">
			<forward name="success" path="/dispatchsuccess.jsp" />
			<forward name="failure" path="/failure.jsp" />
			
		</action>
		<action path="/faw" type="org.apache.struts.actions.ForwardAction" parameter="/forwardsuccess.jsp"></action>
		<action path="/mef" name="EF" type="com.pradeep.action.MyEmployeeAction" validate="true" input="/empregister.jsp">
		<forward name="success" path="/empsuccess.jsp"/>
		</action>
<action path="/clang" type="com.pradeep.action.LocaleAction">
              <forward name="success"  path="/empregister.jsp" />
        </action>
        <action path="/file-upload"  name="FUPLOAD" type="com.action.UserFormAction">
            <forward name="success" path="/fileUploadloadSuccess.jsp" />
            
           
        </action>
	</action-mappings>
	<controller processorClass="org.apache.struts.tiles.TilesRequestProcessor" />
    <message-resources parameter="application"></message-resources>
    



   <plug-in className="org.apache.struts.tiles.TilesPlugin">
        <set-property property="definitions-config"
            value="/WEB-INF/tiles-defs.xml" />
        <set-property property="moduleAware" value="true" />
    </plug-in>



   <!-- ========================= Validator plugin ================================= -->
    <plug-in
        className="org.apache.struts.validator.ValidatorPlugIn">
        <set-property property="pathnames"
            value="/WEB-INF/validator-rules.xml,/WEB-INF/validation.xml" />
    </plug-in>
	<!-- <controller
		processorClass="org.apache.struts.tiles.TilesRequestProcessor" /> -->


 




</struts-config>